"{'Guerrero', 'Sebastian', '09/03/1991', 'Gomez'}"
"{'Alvarez', '08/10/2001', 'Amanda', 'Arias'}"
"{'Perez', '12/03/1984', 'Fuentes', 'Celeste'}"
"{'10/05/2010', 'Torres', 'Joaquin', 'Gomez'}"
"{'04/12/2017', 'Alina', 'Iglesias', 'Munhoz'}"
"{'Marquez', '22/10/1998', 'Montero', 'Celeste'}"
"{'Sanchez', 'Nunhez', 'Fabian', '07/01/2006'}"
"{'Melina', 'Ramos', 'Vicente', '03/03/1991'}"
"{'Julia', '29/04/2007', 'Dominguez', 'Herrera'}"
"{'Guerrero', '29/10/2007', 'Mariana', 'Lorenzo'}"
"{'21/04/2002', 'Benjamin', 'Dominguez', 'Suarez'}"
"{'Alexandria', 'Gonzalez', 'Martin', '15/05/1998'}"
"{'Delgado', 'Martin', '17/04/2011', 'Felipe'}"
"{'Virginia', 'Moreno', 'Lorenzo', '22/04/1993'}"
"{'Ruiz', 'Pastor', 'Fatima', '17/04/2016'}"
"{'Crespo', '04/11/1996', 'Vivian', 'Rojas'}"
"{'Mora', 'Antonio', '17/09/2000', 'Marin'}"
"{'Santos', 'Marisol', 'Alvarez', '17/05/2004'}"
"{'Moya', '17/12/2011', 'Alexis', 'Rodriguez'}"
"{'Diaz', '02/01/1992', 'Eva', 'Gallardo'}"
"{'Penha', 'Marcos', 'Romero', '09/08/1996'}"
"{'Pascual', 'Bravo', '20/05/2014', 'Sara'}"
"{'Saez', '07/04/2005', 'Victoria', 'Cabrera'}"
"{'05/09/2008', 'Carlos', 'Lorenzo', 'Cruz'}"
"{'Rodriguez', 'Marina', 'Medina', '09/02/1982'}"
"{'Jimenez', '17/07/2008', 'Prieto', 'Jose'}"
"{'02/09/1995', 'Vicente', 'Arias', 'Manuel'}"
"{'01/08/2006', 'Saez', 'Cabrera', 'Lia'}"
"{'Gonzalez', '05/05/2010', 'Juan', 'Hernandez'}"
"{'Jesus', 'Cruz', 'Lozano', '31/12/1984'}"
"{'Marin', '12/12/1994', 'Romero', 'Luis'}"
"{'26/02/1991', 'Lucia', 'Carmona', 'Rojas'}"
"{'Cruz', '29/04/1983', 'Laura', 'Suarez'}"
"{'26/01/2019', 'Maria', 'Prieto', 'Arias'}"
"{'Leon', 'Ximena', '12/09/1990', 'Gil'}"
"{'12/03/1991', 'Arias', 'Saez', 'Antonio'}"
"{'Santiago', 'Armando', 'Arias', '20/12/2005'}"
"{'Cano', '09/09/2003', 'Esteban', 'Alex'}"
"{'Aurora', '10/10/2020', 'Morales', 'Sanchez'}"
"{'Moreno', 'Pedro', 'Rojas', '09/12/1995'}"
"{'Mendez', 'Medina', '27/03/1985', 'Oscar'}"
"{'Penelope', 'Ruiz', '08/03/1998', 'Rojas'}"
"{'Leon', 'Sergio', '23/06/1990', 'Cabrera'}"
"{'Sanchez', 'Torres', 'Serena', '05/02/1988'}"
"{'Jorge', '06/12/1992', 'Caballero', 'Benitez'}"
"{'12/07/1991', 'Lucian', 'Hernandez', 'Carrasco'}"
"{'Noe', '10/04/2012', 'Moreno', 'Vidal'}"
"{'Penha', 'Sofia', 'Lopez', '27/01/1984'}"
"{'Ruiz', 'Alvarez', '28/08/2010', 'Alan'}"
"{'09/01/2011', 'Cruz', 'Raquel', 'Medina'}"
"{'Armando', 'Fernandez', '08/01/1984', 'Vidal'}"
"{'Alonzo', 'Guerrero', '07/03/1996', 'Carrasco'}"
"{'Moya', '28/12/1998', 'Tobias', 'Santana'}"
"{'Molina', 'Jaime', '02/04/2008', 'Marquez'}"
"{'Jimenez', 'Mercedes', 'Carmona', '01/07/1983'}"
"{'Hidalgo', 'Penha', 'Gustavo', '25/04/2021'}"
"{'Mateo', 'Vega', 'Aguilar', '23/04/2002'}"
"{'30/10/1995', 'Esteban', 'Fatima', 'Munhoz'}"
"{'Liliana', 'Lozano', 'Gonzalez', '18/01/1998'}"
"{'Mendez', '30/11/2007', 'Julio', 'Soto'}"
"{'Vega', 'Leon', 'Joaquin', '29/07/2014'}"
"{'09/11/2017', 'Martinez', 'Alfredo', 'Moreno'}"
"{'Fernandez', 'Campos', '09/10/2011', 'Juliana'}"
"{'Ibanhez', 'Regina', '19/05/1987', 'Velasco'}"
"{'Camila', 'Ruiz', '28/10/2020', 'Carmona'}"
"{'Regina', '24/03/2021', 'Carrasco', 'Herrero'}"
"{'Penelope', '14/04/2021', 'Reyes', 'Gil'}"
"{'Elisa', '12/04/1985', 'Montero', 'Prieto'}"
"{'Rubio', 'Leon', '28/01/2017', 'Alex'}"
"{'Penha', 'Parra', '11/07/1991', 'Luis'}"
"{'Herrero', 'Nieto', '04/06/1999', 'Miranda'}"
"{'Perez', 'Patricia', '15/02/2010', 'Herrera'}"
"{'28/07/1990', 'Linda', 'Morales', 'Campos'}"
"{'Crespo', 'Jaime', 'Aguilar', '12/03/2013'}"
"{'05/08/1991', 'Suarez', 'Cruz', 'Elsa'}"
"{'Mendez', 'Gil', '16/01/2017', 'Luis'}"
"{'09/03/2002', 'Fernandez', 'Flores', 'Pablo'}"
"{'Benjamin', '23/02/2000', 'Fernandez', 'Rojas'}"
"{'Amaya', 'Ramos', '06/05/1999', 'Sanchez'}"
"{'Bravo', 'Armando', '31/07/1987', 'Carmona'}"
"{'Blanco', 'Juan', 'Sanchez', '06/11/1993'}"
"{'Maya', '18/01/2013', 'Castillo', 'Caballero'}"
"{'Adrian', 'Jimenez', '04/09/2012', 'Rojas'}"
"{'Vazquez', 'Ramon', '17/09/1995', 'Perez'}"
"{'Herrero', '13/01/2015', 'Caballero', 'Pedro'}"
"{'Herrera', '18/04/1997', 'Torres', 'Diego'}"
"{'Estrella', '14/07/2016', 'Flores', 'Marquez'}"
"{'Pastor', '23/05/2011', 'Jose', 'Hernandez'}"
"{'Veronica', 'Ortiz', '08/01/1991', 'Diaz'}"
"{'Santiago', 'Ferrer', 'Castro', '09/03/1986'}"
"{'Alonso', 'Rodrigo', '27/04/1995', 'Suarez'}"
"{'Ramirez', 'Castillo', 'Ricardo', '13/07/2004'}"
"{'Penha', 'Oliver', 'Lozano', '19/11/2011'}"
"{'Santos', '10/01/2014', 'Gimenez', 'Isabel'}"
"{'04/07/1985', 'Julia', 'Flores', 'Cabrera'}"
"{'09/10/2004', 'Alonso', 'Gonzalez', 'Antonio'}"
"{'09/08/2001', 'Carrasco', 'Herrero', 'Mauricio'}"
"{'Alonso', '29/03/2000', 'Medina', 'Laura'}"
"{'Adrian', '29/07/1987', 'Sanz', 'Lopez'}"
"{'Ruiz', '06/07/1982', 'Jose', 'Gomez'}"
"{'10/12/2007', 'Ramon', 'Mora', 'Rubio'}"
"{'Angela', 'Delgado', 'Morales', '20/04/1994'}"
"{'Castro', 'Alina', 'Munhoz', '16/05/1988'}"
"{'Duran', 'Martinez', 'Mercedes', '31/05/2016'}"
"{'Crespo', '29/10/2015', 'Raul', 'Fuentes'}"
"{'22/03/1983', 'Alfredo', 'Medina', 'Vidal'}"
"{'Moya', 'Roberto', 'Castro', '12/02/2016'}"
"{'22/03/1995', 'Cruz', 'Ana', 'Diez'}"
"{'Duran', 'Marcos', 'Alvarez', '12/01/1987'}"
"{'Molina', '25/09/1993', 'Aguilar', 'Abel'}"
"{'Mendez', 'Rodrigo', '31/03/2007', 'Lozano'}"
"{'12/01/2011', 'Torres', 'Asia', 'Soto'}"
"{'Castillo', '02/05/2010', 'Raquel', 'Montero'}"
"{'Blanco', '26/10/2010', 'Gerardo', 'Carrasco'}"
"{'02/08/2012', 'Nieto', 'Josue', 'Carrasco'}"
"{'Rubio', 'Martin', '29/07/2014', 'Suarez'}"
"{'10/04/2000', 'Iris', 'Rojas', 'Prieto'}"
"{'Vargas', 'Jorge', '11/12/2002', 'Gil'}"
"{'Ramos', 'Bravo', 'Mercedes', '05/07/2020'}"
"{'Vazquez', 'Marcos', 'Gallego', '28/01/1983'}"
"{'Vega', 'Dominguez', '30/04/1985', 'Luis'}"
"{'Emilio', 'Vidal', 'Cabrera', '29/07/1991'}"
"{'Crespo', 'Cano', 'Alex', '27/09/1995'}"
"{'19/08/2012', 'Gil', 'Cortes', 'Lilian'}"
"{'28/10/2010', 'Cruz', 'Rojas', 'Angelica'}"
"{'21/09/1986', 'Soler', 'Ximena', 'Rubio'}"
"{'Delgado', 'Sandra', '30/09/2001', 'Velasco'}"
"{'Cano', 'Alonso', '31/05/2015', 'Juan'}"
"{'Suarez', 'Benitez', '07/08/2014', 'Lilian'}"
"{'Guerrero', '15/09/1992', 'Fuentes', 'Ada'}"
"{'Alonzo', 'Soler', 'Nunhez', '29/11/2006'}"
"{'Herrero', 'Leonardo', 'Lorenzo', '18/01/1998'}"
"{'Sanchez', 'Castillo', 'Emiliano', '14/03/1992'}"
"{'14/12/2003', 'Serrano', 'Iris', 'Gallardo'}"
"{'09/01/1995', 'Valeria', 'Fernandez', 'Carrasco'}"
"{'Penelope', 'Soler', 'Penha', '29/10/1983'}"
"{'20/11/1996', 'Adrian', 'Castillo', 'Aguilar'}"
"{'08/02/1995', 'Gonzalez', 'Juan', 'Flores'}"
"{'29/08/2021', 'Carlos', 'Torres', 'Marin'}"
"{'16/11/1995', 'Ruiz', 'Delgado', 'Ezequiel'}"
"{'13/07/1989', 'Cabrera', 'Montero', 'Andres'}"
"{'21/11/2000', 'Serrano', 'Raul', 'Blanco'}"
"{'Amelia', '26/07/1985', 'Gimenez', 'Herrera'}"
"{'Navarro', 'Ana', 'Velasco', '03/10/1988'}"
"{'Duran', '01/11/2018', 'Gimenez', 'Alan'}"
"{'21/05/2006', 'Cruz', 'Vicente', 'Laura'}"
"{'Ramos', '09/06/2013', 'Iris', 'Rojas'}"
"{'Molina', 'Estrella', '22/09/1987', 'Reyes'}"
"{'America', 'Prieto', 'Cortes', '15/10/1989'}"
"{'03/03/2014', 'Marcos', 'Fernandez', 'Rodriguez'}"
"{'Hernandez', 'Mora', '07/06/2006', 'Miranda'}"
"{'21/10/2002', 'Jaime', 'Calvo', 'Sanchez'}"
"{'Castro', 'Ramos', '26/09/1987', 'Gustavo'}"
"{'Ortega', 'Hernandez', '17/11/1991', 'Samuel'}"
"{'Alvarez', 'Nunhez', 'Mariana', '23/04/2017'}"
"{'Julian', 'Arias', 'Santana', '24/02/1996'}"
"{'06/09/2016', 'Maria', 'Sanz', 'Parra'}"
"{'Alexandria', 'Jimenez', 'Flores', '02/05/2013'}"
"{'Benitez', '27/07/1990', 'Jose', 'Lopez'}"
"{'Ernesto', '19/04/2020', 'Mendez', 'Roman'}"
"{'Castro', 'Hugo', 'Morales', '30/08/2003'}"
"{'Adrian', 'Nunhez', 'Gomez', '27/06/2021'}"
"{'Aurora', 'Marin', '11/04/2002', 'Suarez'}"
"{'Ramos', 'Ortiz', 'Victoria', '20/03/1988'}"
"{'Calvo', 'Francisco', 'Gimenez', '14/07/1997'}"
"{'Ramirez', 'Gustavo', '19/08/2000', 'Marin'}"
"{'Lola', '22/03/2017', 'Lopez', 'Fuentes'}"
"{'Molina', 'Caballero', 'Matias', '16/06/2013'}"
"{'Castro', 'Alexandria', 'Romero', '07/01/1986'}"
"{'Ramirez', '24/07/1991', 'Navarro', 'Alan'}"
"{'18/12/2003', 'Cruz', 'Sanchez', 'Talia'}"
"{'Crespo', 'Martinez', 'Victoria', '12/12/2016'}"
"{'Cano', 'Duran', 'Felipe', '28/11/1991'}"
"{'21/10/1996', 'Mora', 'Gutierrez', 'Ruben'}"
"{'Alexis', 'Ferrer', '20/10/1997', 'Roman'}"
"{'Gonzalez', '19/12/2002', 'Gomez', 'Adan'}"
"{'Alina', '26/06/1983', 'Campos', 'Perez'}"
"{'Vazquez', 'Ramos', '29/06/2007', 'Gustavo'}"
"{'Valeria', '10/08/2009', 'Morales', 'Carrasco'}"
"{'12/02/1997', 'Delgado', 'Joaquin', 'Gimenez'}"
"{'Ernesto', '21/12/1987', 'Parra', 'Munhoz'}"
"{'Leon', 'Vicente', '18/05/1989', 'Fabian'}"
"{'Alvarez', 'Rodrigo', 'Torres', '31/10/1997'}"
"{'Amaya', 'Delgado', '08/05/1992', 'Lorenzo'}"
"{'Rubio', 'Armando', '30/01/1997', 'Campos'}"
"{'Ramirez', 'Soler', '23/01/2014', 'Elena'}"
"{'Simon', 'Vargas', '16/07/2021', 'Navarro'}"
"{'Angela', 'Penha', '13/02/2002', 'Garrido'}"
"{'04/10/2006', 'Saez', 'Hugo', 'Lorenzo'}"
"{'Mendez', 'Rodriguez', 'Roman', '21/05/2011'}"
"{'Penha', 'Serrano', 'Lucia', '06/07/2019'}"
"{'Perez', 'Alexa', '12/07/1988', 'Diez'}"
"{'Virginia', 'Moreno', '04/02/1989', 'Munhoz'}"
"{'Ernesto', 'Vargas', '28/04/2019', 'Sanz'}"
"{'06/03/2001', 'Gustavo', 'Navarro', 'Carrasco'}"
"{'01/07/2013', 'Marina', 'Sanchez', 'Rojas'}"
"{'Leon', 'Oliver', 'Romero', '05/07/1994'}"
"{'Eliana', 'Calvo', '02/07/1984', 'Carrasco'}"
"{'Mendez', 'Ramon', '14/10/2002', 'Vargas'}"
"{'Vazquez', 'Herrero', '08/10/2011', 'Miranda'}"
"{'21/02/2014', 'Olivia', 'Nunhez', 'Roman'}"
"{'Diaz', 'Ferrer', 'Sergio', '31/12/2004'}"
"{'Moya', '27/05/2016', 'Castillo', 'Abraham'}"
"{'26/07/2019', 'Pascual', 'Patricia', 'Marquez'}"
"{'Hidalgo', '11/03/2001', 'Montero', 'Fernando'}"
"{'Alexandria', '13/04/2019', 'Aguilar', 'Prieto'}"
"{'Herrera', 'Rafael', '07/01/2010', 'Gutierrez'}"
"{'Alonso', '17/03/1987', 'Esteban', 'Sara'}"
"{'Calvo', 'Jimena', '09/10/2012', 'Gomez'}"
"{'04/03/2008', 'Vega', 'Daniel', 'Gimenez'}"
"{'Romero', '18/12/2019', 'Sergio', 'Santana'}"
"{'Rubio', 'Nieto', 'Eva', '11/10/1983'}"
"{'Gabriela', '21/12/2017', 'Cabrera', 'Marquez'}"
"{'Saez', 'Blanco', '19/10/2005', 'Josue'}"
"{'Ortega', '13/10/1989', 'Alex', 'Gil'}"
"{'23/09/2007', 'Blanco', 'Morales', 'Oscar'}"
"{'Crespo', '08/09/1985', 'Parra', 'Samuel'}"
"{'Iglesias', 'Armando', '16/04/1992', 'Marquez'}"
"{'Soler', 'Alexis', 'Flores', '04/04/1994'}"
"{'25/04/2011', 'Diez', 'Fabian', 'Perez'}"
"{'05/09/2012', 'Torres', 'Pablo', 'Rojas'}"
"{'Martinez', 'Alonso', '13/05/2002', 'Sofia'}"
"{'21/03/2005', 'Liliana', 'Mora', 'Rodriguez'}"
"{'Rubio', '03/07/2004', 'Vicente', 'Salvador'}"
"{'Alvarez', 'Daniella', '25/10/1990', 'Marquez'}"
"{'Marin', '25/09/2017', 'Reyes', 'Paola'}"
"{'03/02/1996', 'Raquel', 'Flores', 'Vidal'}"
"{'10/07/2002', 'Roman', 'Hidalgo', 'Laura'}"
"{'22/03/2003', 'Perla', 'Benitez', 'Suarez'}"
"{'Julia', '12/12/1996', 'Lopez', 'Suarez'}"
"{'Esmeralda', 'Delgado', '21/05/2012', 'Herrera'}"
"{'Gabriel', 'Santos', 'Nieto', '29/04/2006'}"
"{'Moreno', 'Cruz', '22/11/1985', 'Sofia'}"
"{'Benitez', '19/02/2020', 'Olivia', 'Velasco'}"
"{'Mendez', 'Herrero', '06/07/2004', 'Lucian'}"
"{'Ramirez', '16/08/2001', 'Patricia', 'Herrera'}"
"{'Carolina', 'Esteban', 'Munhoz', '22/07/2014'}"
"{'16/09/2005', 'Elias', 'Iglesias', 'Hernandez'}"
"{'Ortega', 'Valeria', 'Montero', '14/08/1999'}"
"{'20/05/1983', 'Mario', 'Flores', 'Dominguez'}"
"{'09/03/1997', 'Maria', 'Rodriguez', 'Marquez'}"
"{'17/06/1994', 'Prieto', 'Gimenez', 'Elsa'}"
"{'Penelope', '09/06/1990', 'Hidalgo', 'Marin'}"
"{'26/02/2008', 'Angel', 'Sanchez', 'Gallardo'}"
"{'Ramirez', 'Esteban', '19/09/2001', 'Antonio'}"
"{'Penha', 'Guadalupe', 'Gallego', '29/04/2011'}"
"{'Molina', 'Martin', '20/02/1990', 'Rojas'}"
"{'Carmen', 'Alvarez', '09/05/2004', 'Diez'}"
"{'Guerrero', 'Cruz', '20/06/1997', 'Antonio'}"
"{'Nieto', 'Clara', 'Campos', '10/11/2016'}"
